Cluster	OName	ID	Teff	log(g)	VTurb	[Fe/H]L	[Fe/H]	[Mn/Fe]	SimbadName	_RA	_DE
NGC 5272	M3 	B21     	4725	 1.65	 1.20	-1.61	-1.48	-0.61	                          	         	
NGC 5272	M3 	B23     	4800	 2.10	 1.40	-1.70	-1.63	-0.61	                          	         	
NGC 5272	M3 	B24     	4450	 1.00	 1.90	-1.59	-1.52	-0.48	Cl* NGC 5272 SKG B2 4     	205.55818	+28.37781
NGC 5272	M3 	B33     	4550	 1.30	 1.65	-1.55	-1.48	-0.55	Cl* NGC 5272 SKG B3 3     	205.54604	+28.38274
NGC 5272	M3 	B34     	3850	 0.00	 2.00	-1.62	-1.55	-0.55	Cl* NGC 5272 SKG B3 4     	205.54527	+28.38286
NGC 5272	M3 	B11     	4400	 1.10	 1.50	-1.56	-1.59	-0.41	Cl* NGC 5272 SKG B1 1     	205.55510	+28.37897
NGC 5272	M3 	B12     	4400	 1.10	 1.80	-1.62	-1.74	-0.34	Cl* NGC 5272 SKG B1 2     	205.55407	+28.37936
NGC 5272	M3 	B13     	3900	 0.00	 2.05	-1.54	-1.58	-0.41	Cl* NGC 5272 SKG B1 3     	205.55394	+28.38046
NGC 5272	M3 	B14     	4175	 0.70	 1.70	-1.58	-1.60	-0.39	Cl* NGC 5272 SKG B1 4     	205.55344	+28.37940
NGC 5272	M3 	B15     	4350	 1.10	 1.50	-1.67	-1.67	-0.43	Cl* NGC 5272 SKG B1 5     	205.55267	+28.37870
NGC 5272	M3 	B41     	4075	 0.40	 1.70	-1.54	-1.57	-0.41	Cl* NGC 5272 SKG B4 1     	205.55212	+28.38621
NGC 5272	M3 	B42     	4100	 0.40	 1.70	-1.56	-1.56	-0.43	Cl* NGC 5272 SKG B4 2     	205.55198	+28.38415
NGC 5272	M3 	B43     	4750	 1.40	 1.60	-1.75	-1.71	-0.39	                          	         	
NGC 5272	M3 	B44     	5050	 2.00	 1.50	-1.71	-1.71	-0.41	                          	         	
NGC 5272	M3 	B45     	5100	 2.40	 1.00	-1.58	-1.73	-0.28	                          	         	
NGC 5272	M3 	F24     	4600	 1.70	 1.20	-1.54	-1.51	-0.41	                          	         	
NGC 5272	M3 	I21     	4175	 0.70	 1.70	-1.52	-1.57	-0.39	NGC 5272 1352             	205.62835	+28.38471
NGC 5272	M3 	IV-101  	4200	 0.75	 1.70	-1.50	-1.46	-0.48	NGC 5272 265              	205.47965	+28.32080
NGC 5272	M3 	IV-77   	4300	 0.85	 1.80	-1.52	-1.60	-0.33	NGC 5272 334              	205.50273	+28.36029
NGC 5272	M3 	VZ1397  	3925	 0.10	 2.00	-1.53	-1.57	-0.37	NGC 5272 1397             	205.67323	+28.31891
NGC 5904	M5 	G2      	3900	-0.10	 1.75	-1.33	-1.38	-0.48	Cl* NGC 5904 G2           	229.65000	+02.06667
NGC 5904	M5 	I-14    	4250	 0.75	 1.60	-1.34	-1.36	-0.38	Cl* NGC 5904 Arp I-14     	229.66925	+02.10672
NGC 5904	M5 	I-2     	4500	 1.10	 1.45	-1.31	-1.29	-0.38	Cl* NGC 5904 Arp I-2      	229.64171	+02.12106
NGC 5904	M5 	I-20    	4050	 0.00	 2.00	-1.44	-1.60	-0.18	Cl* NGC 5904 Arp I-20     	229.67250	+02.10014
NGC 5904	M5 	I-50    	4525	 1.15	 1.40	-1.33	-1.28	-0.48	Cl* NGC 5904 Arp I-50     	229.65758	+02.11733
NGC 5904	M5 	I-55    	4700	 0.85	 1.80	-1.47	-1.56	-0.38	Cl* NGC 5904 Arp I-55     	229.65158	+02.14744
NGC 5904	M5 	I-58    	4350	 0.80	 1.50	-1.27	-1.34	-0.35	Cl* NGC 5904 Arp I-58     	229.66479	+02.12328
NGC 5904	M5 	I-61    	4400	 1.00	 1.50	-1.32	-1.36	-0.35	Cl* NGC 5904 Arp I-61     	229.66883	+02.12603
NGC 5904	M5 	I-68    	4066	 0.63	 2.20	-1.44	-1.45	-0.58	Cl* NGC 5904 Arp I-68     	229.67912	+02.12539
NGC 5904	M5 	I-71    	4360	 1.12	 1.65	-1.32	-1.38	-0.37	Cl* NGC 5904 Arp I-71     	229.68967	+02.12228
NGC 5904	M5 	II-50   	4525	 1.15	 1.35	-1.24	-1.31	-0.38	Cl* NGC 5904 Arp II-50    	229.58637	+02.11150
NGC 5904	M5 	II-59   	4463	 1.15	 1.65	-1.33	-1.32	-0.56	Cl* NGC 5904 Arp II-59    	229.62708	+02.11681
NGC 5904	M5 	II-74   	4525	 1.30	 1.30	-1.17	-1.08	-0.58	Cl* NGC 5904 Arp II-74    	229.62233	+02.13056
NGC 5904	M5 	II-85   	4009	 0.54	 1.80	-1.30	-1.37	-0.31	Cl* NGC 5904 Arp II-85    	229.62246	+02.14100
NGC 5904	M5 	III-122 	4001	 0.44	 2.00	-1.26	-1.23	-0.54	Cl* NGC 5904 Arp III-122  	229.60417	+02.05275
NGC 5904	M5 	III-18  	4475	 0.55	 1.70	-1.43	-1.42	-0.45	Cl* NGC 5904 Arp III-18   	229.58396	+02.05894
NGC 5904	M5 	III-3   	4076	 0.63	 1.95	-1.31	-1.41	-0.41	Cl* NGC 5904 Arp III-3    	229.57779	+02.07578
NGC 5904	M5 	III-36  	4227	 0.91	 1.65	-1.28	-1.28	-0.47	Cl* NGC 5904 Arp III-36   	229.59517	+02.05269
NGC 5904	M5 	III-52  	4625	 1.50	 1.45	-1.38	-1.39	-0.36	Cl* NGC 5904 Arp III-52   	229.60121	+02.01919
NGC 5904	M5 	III-53  	4700	 1.05	 1.75	-1.52	-1.64	-0.33	Cl* NGC 5904 Arp III-53   	229.59925	+02.01858
NGC 5904	M5 	III-59  	4575	 1.20	 1.35	-1.30	-1.24	-0.45	Cl* NGC 5904 Arp III-59   	229.60987	+02.04403
NGC 5904	M5 	III-78  	4154	 0.78	 1.95	-1.32	-1.38	-0.45	Cl* NGC 5904 Arp III-78   	229.63429	+02.02614
NGC 5904	M5 	IV-19   	4125	 0.50	 1.70	-1.39	-1.32	-0.43	Cl* NGC 5904 Arp IV-19    	229.64604	+02.01858
NGC 5904	M5 	IV-26   	4650	 1.05	 1.40	-1.41	-1.43	-0.38	Cl* NGC 5904 Arp IV-26    	229.66579	+02.01950
NGC 5904	M5 	IV-30   	4625	 1.00	 1.75	-1.47	-1.47	-0.43	Cl* NGC 5904 Arp IV-30    	229.65371	+02.03492
NGC 5904	M5 	IV-34   	4275	 0.65	 1.55	-1.28	-1.33	-0.40	Cl* NGC 5904 Arp IV-34    	229.67167	+02.03086
NGC 5904	M5 	IV-36   	4575	 1.50	 1.35	-1.27	-1.28	-0.38	Cl* NGC 5904 Arp IV-36    	229.67100	+02.04008
NGC 5904	M5 	IV-4    	4625	 1.55	 1.20	-1.24	-1.40	-0.38	Cl* NGC 5904 Arp IV-4     	229.64508	+02.03964
NGC 5904	M5 	IV-47   	4110	 0.50	 1.85	-1.34	-1.30	-0.53	Cl* NGC 5904 Arp IV-47    	229.67354	+02.06481
NGC 5904	M5 	IV-59   	4229	 0.79	 2.10	-1.40	-1.44	-0.45	Cl* NGC 5904 Arp IV-59    	229.68917	+02.07508
NGC 5904	M5 	IV-81   	3945	 0.00	 1.90	-1.35	-1.37	-0.38	Cl* NGC 5904 Arp IV-81    	229.68729	+02.03431
NGC 6121	M4 	1408    	4525	 1.30	 1.70	-1.18	-1.23	-0.41	Cl* NGC 6121 Lee 1408     	245.81950	-26.57447
NGC 6121	M4 	1411    	3950	 0.60	 1.65	-1.21	-1.26	-0.35	Cl* NGC 6121 Lee 1411     	245.80992	-26.60153
NGC 6121	M4 	1514    	3875	 0.35	 1.95	-1.23	-1.34	-0.36	Cl* NGC 6121 Lee 1514     	245.84904	-26.57494
NGC 6121	M4 	1701    	4625	 1.50	 1.65	-1.20	-1.20	-0.44	Cl* NGC 6121 Lee 1701     	245.87433	-26.53033
NGC 6121	M4 	2206    	4325	 1.35	 1.55	-1.18	-1.21	-0.34	Cl* NGC 6121 Lee 2206     	245.76812	-26.39536
NGC 6121	M4 	2208    	4350	 1.40	 1.70	-1.12	-1.17	-0.38	Cl* NGC 6121 Lee 2208     	245.70867	-26.47364
NGC 6121	M4 	2307    	4075	 0.85	 1.45	-1.20	-1.28	-0.34	Cl* NGC 6121 Lee 2307     	245.82779	-26.39542
NGC 6121	M4 	2406    	4100	 0.45	 2.45	-1.22	-1.26	-0.40	Cl* NGC 6121 Lee 2406     	245.87858	-26.45117
NGC 6121	M4 	3207    	4700	 1.65	 1.70	-1.18	-1.21	-0.44	Cl* NGC 6121 Lee 3207     	246.03567	-26.41547
NGC 6121	M4 	3209    	3975	 0.60	 1.75	-1.22	-1.26	-0.37	Cl* NGC 6121 Lee 3209     	246.01246	-26.40106
NGC 6121	M4 	3215    	4775	 1.40	 1.85	-1.17	-1.24	-0.43	Cl* NGC 6121 Lee 3215     	245.99042	-26.38231
NGC 6121	M4 	3413    	4175	 1.20	 1.65	-1.18	-1.33	-0.27	Cl* NGC 6121 Lee 3413     	245.99762	-26.46600
NGC 6121	M4 	3612    	4250	 1.10	 1.45	-1.20	-1.21	-0.41	Cl* NGC 6121 Lee 3612     	245.93346	-26.50175
NGC 6121	M4 	3624    	4225	 1.10	 1.45	-1.16	-1.24	-0.40	Cl* NGC 6121 Lee 3624     	245.91646	-26.48033
NGC 6121	M4 	4201    	4450	 1.35	 1.85	-1.19	-1.19	-0.44	Cl* NGC 6121 Lee 4201     	245.99446	-26.66364
NGC 6121	M4 	4302    	4775	 1.45	 1.80	-1.18	-1.22	-0.50	Cl* NGC 6121 Lee 4302     	245.90571	-26.63997
NGC 6121	M4 	4511    	4150	 1.10	 1.55	-1.16	-1.16	-0.43	Cl* NGC 6121 Lee 4511     	245.95733	-26.56639
NGC 6121	M4 	4513    	5250	 1.00	 1.65	-1.20	-1.43	-0.22	Cl* NGC 6121 Lee 4513     	245.95967	-26.54669
NGC 6121	M4 	4611    	3725	 0.30	 1.70	-1.16	-1.20	-0.52	Cl* NGC 6121 Lee 4611     	245.91012	-26.55536
NGC 6121	M4 	4613    	3750	 0.20	 1.65	-1.19	-1.26	-0.49	Cl* NGC 6121 Lee 4613     	245.91346	-26.55169
NGC 6205	M13	L-629   	3950	 0.20	 2.00	-1.68	-1.72	-0.36	NGC 6205 629              	250.42737	+36.44897
NGC 6205	M13	II-90   	4000	 0.30	 2.00	-1.60	-1.65	-0.46	Cl* NGC 6205 Arp II-90    	250.38342	+36.47500
NGC 6205	M13	II-67   	3950	 0.20	 2.10	-1.58	-1.65	-0.37	Cl* NGC 6205 Arp II-67    	250.34812	+36.50481
NGC 6205	M13	I-48    	3920	 0.30	 2.00	-1.60	-1.66	-0.47	Cl* NGC 6205 Arp I-48     	250.46221	+36.48175
NGC 6205	M13	L-598   	3900	 0.00	 2.10	-1.64	-1.67	-0.38	NGC 6205 598              	250.42487	+36.44772
NGC 6205	M13	IV-22   	4700	 1.90	 1.50	-1.56	-1.63	-0.37	Cl* NGC 6205 Arp IV-22    	250.45996	+36.39486
NGC 6205	M13	II-9    	4700	 1.70	 1.50	-1.59	-1.63	-0.42	Cl* NGC 6205 Arp II-9     	250.40450	+36.51044
NGC 6205	M13	II-28   	4850	 1.75	 2.00	-1.68	-1.78	-0.33	Cl* NGC 6205 Arp II-28    	250.37850	+36.50358
NGC 6205	M13	IV-25   	4000	 0.15	 2.25	-1.61	-1.64	-0.37	Cl* NGC 6205 Arp IV-25    	250.45967	+36.40433
NGC 6205	M13	L-835   	4090	 0.55	 1.90	-1.56	-1.63	-0.34	NGC 6205 835              	250.44600	+36.43267
NGC 6205	M13	I-54    	4975	 1.70	 1.75	-1.71	-1.77	-0.41	Cl* NGC 6205 Arp I-54     	250.46504	+36.49336
NGC 6205	M13	I-72    	4850	 1.90	 1.45	-1.65	-1.75	-0.37	Cl* NGC 6205 Arp I-72     	250.49433	+36.46286
NGC 6205	M13	II-1    	4850	 2.10	 1.25	-1.58	-1.62	-0.44	Cl* NGC 6205 Arp II-1     	250.41446	+36.53414
NGC 6205	M13	I-12    	4600	 1.50	 1.60	-1.58	-1.66	-0.37	Cl* NGC 6205 Arp I-12     	250.43875	+36.51856
NGC 6205	M13	IV-19   	4650	 1.50	 1.60	-1.59	-1.64	-0.36	Cl* NGC 6205 Arp IV-19    	250.43662	+36.39092
NGC 6205	M13	II-41   	4750	 2.00	 1.75	-1.51	-1.60	-0.36	Cl* NGC 6205 Arp II-41    	250.40350	+36.49131
NGC 6205	M13	III-52  	4335	 1.00	 2.00	-1.54	-1.72	-0.35	Cl* NGC 6205 Arp III-52   	250.39329	+36.41797
NGC 6254	M10	A-I-2   	3975	 0.00	 2.10	-1.47	-1.64	-0.33	NGC 6254 1002             	254.29491	-04.07881
NGC 6254	M10	A-I-60  	4400	 1.10	 1.60	-1.53	-1.48	-0.55	NGC 6254 1060             	254.29660	-04.05530
NGC 6254	M10	A-I-61  	4550	 1.00	 2.00	-1.69	-1.74	-0.40	NGC 6254 1061             	254.30325	-04.05433
NGC 6254	M10	A-II-24 	4050	 0.10	 2.00	-1.50	-1.55	-0.48	NGC 6254 2024             	254.25154	-04.10042
NGC 6254	M10	A-III-16	4150	 0.90	 2.00	-1.52	-1.62	-0.39	NGC 6254 3016             	254.28054	-04.12394
NGC 6254	M10	A-III-21	4060	 0.50	 2.10	-1.49	-1.64	-0.28	NGC 6254 3021             	254.28967	-04.12286
NGC 6254	M10	A-III-5 	4400	 1.20	 1.75	-1.36	-1.48	-0.26	NGC 6254 3005             	254.26933	-04.10944
NGC 6254	M10	C       	4200	 0.75	 2.00	-1.66	-1.80	-0.37	Cl* NGC 6254 MB C         	254.29242	-04.10278
NGC 6254	M10	D       	4200	 1.05	 2.00	-1.50	-1.59	-0.40	Cl* NGC 6254 MB D         	254.28692	-04.09458
NGC 6254	M10	E       	4350	 0.80	 2.00	-1.61	-1.83	-0.34	Cl* NGC 6254 MB E         	254.28242	-04.10167
NGC 6254	M10	H-I-15  	4225	 0.75	 1.75	-1.52	-1.59	-0.42	Cl* NGC 6254 HRD I-15     	254.27816	-04.05292
NGC 6254	M10	H-I-367 	4135	 0.60	 1.70	-1.54	-1.68	-0.41	                          	         	
NGC 6341	M92	III-13  	4180	 0.10	 2.15	-2.24	-2.39	-0.36	NGC 6341 3013             	259.34061	+43.21481
NGC 6341	M92	III-65  	4260	 0.30	 1.80	-2.25	-2.46	-0.43	NGC 6341 3065             	259.30897	+43.17950
NGC 6341	M92	VII-122 	4300	 0.70	 1.85	-2.32	-2.52	-0.39	NGC 6341 7122             	259.23919	+43.12326
NGC 6341	M92	VII-18  	4220	 0.20	 2.00	-2.27	-2.43	-0.30	NGC 6341 7018             	259.15632	+43.10432
NGC 6838	M71	A4      	4100	 0.80	 2.25	-0.78	-1.34	-0.07	Cl* NGC 6838 AH A4        	298.47083	+18.78000
NGC 6838	M71	I       	4300	 1.00	 2.00	-0.89	-1.26	-0.05	Cl* NGC 6838 AH I         	298.43642	+18.77642
NGC 6838	M71	1-77    	4100	 0.95	 2.00	-0.78	-1.22	 0.03	NGC 6838 1077             	298.40625	+18.79028
NGC 6838	M71	1-45    	4050	 0.80	 2.00	-0.76	-1.21	-0.20	NGC 6838 1045             	298.45154	+18.80008
NGC 6838	M71	1-53    	4300	 1.40	 2.00	-0.79	-1.21	 0.04	NGC 6838 1053             	297.90417	+18.68694
NGC 6838	M71	1-113   	3950	 0.70	 2.00	-0.85	-1.12	-0.42	                          	         	
NGC 6838	M71	1-46    	4000	 0.80	 2.15	-0.77	-1.10	-0.26	NGC 6838 1046             	298.46500	+18.80167
NGC 6838	M71	S       	4300	 1.25	 2.00	-0.72	-1.00	-0.21	Cl* NGC 6838 AH S         	298.41667	+18.73167
NGC 6838	M71	1-21    	4350	 1.45	 2.00	-0.73	-0.91	-0.25	NGC 6838 1021             	297.89167	+18.63972
NGC 6838	M71	A9      	4200	 1.20	 2.00	-0.85	-0.90	-0.24	Cl* NGC 6838 AH A9        	297.85000	+18.61833
NGC 7006	   	I-1     	3900	 0.10	 2.25	-1.55	-1.72	-0.39	                          	         	
NGC 7006	   	II-103  	4200	 0.75	 1.85	-1.55	-1.58	-0.33	                          	         	
NGC 7006	   	II-18   	4300	 0.90	 1.85	-1.56	-1.46	-0.48	                          	         	
NGC 7006	   	II-46   	4200	 0.50	 2.25	-1.60	-1.54	-0.43	                          	         	
NGC 7006	   	V19     	4100	 0.30	 2.40	-1.62	-1.69	-0.39	                          	         	
NGC 7006	   	V54     	4500	 0.80	 2.25	-1.65	-1.72	-0.54	                          	         	
NGC 7078	M15	K341    	4275	 0.45	 2.00	-2.35	-2.46	-0.29	NGC 7078 341              	322.47875	+12.22292
NGC 7078	M15	K387    	4400	 0.65	 1.85	-2.42	-2.51	-0.38	NGC 7078 387              	322.48158	+12.21175
NGC 7078	M15	K969    	4625	 1.30	 2.60	-2.42	-2.56	-0.44	NGC 7078 969              	322.52658	+12.11639
NGC 7078	M15	K431    	4375	 0.50	 2.30	-2.43	-2.50	-0.39	NGC 7078 431              	322.48400	+12.20936
NGC 7078	M15	K146    	4450	 0.80	 1.90	-2.46	-2.58	-0.42	NGC 7078 146              	322.45808	+12.13467
NGC 7078	M15	K386    	4200	 0.15	 1.85	-2.43	-2.51	-0.45	NGC 7078 386              	322.48175	+12.17925
NGC 7078	M15	K583    	4275	 0.30	 1.90	-2.40	-2.51	-0.46	NGC 7078 583              	322.49404	+12.15586
NGC 7078	M15	K702    	4325	 0.25	 1.90	-2.44	-2.45	-0.44	NGC 7078 702              	322.50137	+12.18078
NGC 7078	M15	K462    	4225	 0.30	 1.85	-2.45	-2.48	-0.36	NGC 7078 462              	322.48608	+12.16281
NGC 7078	M15	K490    	4350	 0.60	 1.65	-2.44	-2.59	-0.06	NGC 7078 490              	322.48762	+12.16039
NGC 7078	M15	K634    	4225	 0.30	 1.85	-2.38	-2.44	-0.31	NGC 7078 634              	322.49717	+12.15311
Pal 5   	   	E       	4500	 1.45	 1.65	-1.39	-1.63	-0.22	Cl* Palomar 5 SH E        	228.99533	-00.08811
Pal 5   	   	F       	4500	 1.50	 1.60	-1.33	-1.43	-0.38	Cl* Palomar 5 SH F        	228.98375	-00.10158
Pal 5   	   	G       	4535	 1.55	 1.55	-1.31	-1.43	-0.28	Cl* Palomar 5 SH G        	229.03608	-00.13422
Pal 5   	   	H       	4750	 1.55	 1.70	-1.32	-1.53	-0.28	Cl* Palomar 5 SH H        	228.96912	-00.12789
FIELD   	JF 	171     	5275	 4.10	 1.05	-1.00	-0.91	-0.27	HIP 171                   	000.54231	+27.08226
FIELD   	JF 	2413    	5050	 2.20	 1.60	-1.96	-2.01	-0.38	HIP 2413                  	007.68936	+57.06490
FIELD   	JF 	3026    	5950	 3.90	 1.40	-1.32	-1.32	-0.24	HIP 3026                  	009.63311	-08.30928
FIELD   	JF 	3086    	5700	 4.10	 1.00	-0.17	-0.06	-0.29	HIP 3086                  	009.80527	+03.13392
FIELD   	JF 	5336    	5250	 4.40	 0.90	-0.98	-0.83	-0.32	HIP 5336                  	017.06831	+54.92034
FIELD   	JF 	5445    	5150	 2.80	 1.50	-1.58	-1.61	-0.32	HIP 5445                  	017.42943	+61.54728
FIELD   	JF 	5458    	4450	 1.40	 1.55	-1.04	-0.87	-0.33	HIP 5458                  	017.46777	+54.73896
FIELD   	JF 	6710    	4625	 1.20	 1.95	-1.83	-1.90	-0.28	HIP 6710                  	021.57331	+17.12642
FIELD   	JF 	7217    	5550	 4.20	 0.70	-0.48	-0.41	-0.36	HIP 7217                  	023.24000	+23.69568
FIELD   	JF 	10140   	5425	 4.10	 0.85	-1.14	-0.97	-0.41	HIP 10140                 	032.60220	+29.80657
FIELD   	JF 	10449   	5650	 4.40	 1.00	-0.98	-0.90	-0.43	HIP 10449                 	033.66791	-01.20142
FIELD   	JF 	11349   	5375	 4.30	 0.80	-0.29	-0.15	-0.22	HIP 11349                 	036.50731	+05.77964
FIELD   	JF 	12306   	5650	 4.10	 1.05	-0.63	-0.51	-0.35	HIP 12306                 	039.61609	+30.81663
FIELD   	JF 	13366   	5700	 4.20	 0.95	-0.77	-0.72	-0.33	HIP 13366                 	042.99315	+11.36998
FIELD   	JF 	14086   	5075	 3.60	 1.10	-0.71	-0.68	-0.32	HIP 14086                 	045.40682	-28.09155
FIELD   	JF 	15394   	5150	 3.40	 1.00	-0.30	-0.08	-0.29	HIP 15394                 	049.61307	+15.17735
FIELD   	JF 	16214   	4825	 2.00	 1.45	-1.74	-1.72	-0.39	HIP 16214                 	052.22702	-00.41753
FIELD   	JF 	17085   	6500	 4.20	 1.70	-0.22	-0.13	-0.20	HIP 17085                 	054.90968	-04.14843
FIELD   	JF 	17147   	5800	 4.30	 1.10	-0.91	-0.83	-0.34	HIP 17147                 	055.09194	-03.21698
FIELD   	JF 	17666   	5050	 4.50	 0.60	-1.10	-0.93	-0.47	HIP 17666                 	056.75882	+41.42726
FIELD   	JF 	18235   	4950	 3.20	 0.90	-0.72	-0.63	-0.45	HIP 18235                 	058.49777	-23.13707
FIELD   	JF 	18915   	4700	 4.80	 1.35	-1.85	-1.77	-0.33	HIP 18915                 	060.81250	+35.27328
FIELD   	JF 	18995   	5575	 2.20	 2.05	-1.26	-1.24	-0.37	HIP 18995                 	061.04587	+23.40753
FIELD   	JF 	19007   	5150	 4.50	 1.20	-0.62	-0.51	-0.03	HIP 19007                 	061.08459	-04.65513
FIELD   	JF 	19378   	4500	 1.20	 1.70	-1.73	-1.75	-0.34	HIP 19378                 	062.26424	-15.89085
FIELD   	JF 	21000   	6200	 4.10	 1.40	-0.16	-0.11	-0.22	HIP 21000                 	067.55243	+05.29882
FIELD   	JF 	21586   	4850	 4.10	 0.25	-0.91	-0.67	-0.35	HIP 21586                 	069.53265	+51.17013
FIELD   	JF 	21609   	5200	 3.80	 1.55	-1.76	-1.70	-0.36	HIP 21609                 	069.59333	-65.41600
FIELD   	JF 	21648   	4300	 0.40	 1.70	-1.88	-1.84	-0.40	HIP 21648                 	069.73222	-13.34670
FIELD   	JF 	21767   	5650	 4.50	 0.70	-0.44	-0.35	-0.31	HIP 21767                 	070.12595	+35.21567
FIELD   	JF 	22246   	5200	 4.50	 1.20	-0.38	-0.33	-0.13	HIP 22246                 	071.82659	+45.98629
FIELD   	JF 	22632   	5825	 4.30	 1.35	-1.59	-1.61	-0.40	HIP 22632                 	073.04129	-27.06415
FIELD   	JF 	26688   	6500	 4.10	 1.50	-0.60	-0.61	-0.14	HIP 26688                 	085.07262	-19.22716
FIELD   	JF 	27654   	4550	 2.10	 1.50	-0.94	-0.87	-0.32	HIP 27654                 	087.83040	-20.87909
FIELD   	JF 	28188   	6175	 4.60	 1.25	-0.62	-0.63	-0.17	HIP 28188                 	089.35762	+21.98085
FIELD   	JF 	30668   	5150	 3.10	 1.05	-1.50	-1.54	-0.52	HIP 30668                 	096.66989	+03.42494
FIELD   	JF 	30990   	5825	 4.00	 1.30	-0.89	-0.93	-0.29	HIP 30990                 	097.56529	+60.78412
FIELD   	JF 	31188   	5750	 4.10	 1.65	-0.80	-0.63	-0.24	HIP 31188                 	098.15830	-06.48847
FIELD   	JF 	31639   	5300	 4.30	 0.60	-0.62	-0.47	-0.30	HIP 31639                 	099.31097	-25.36105
FIELD   	JF 	32308   	5175	 4.10	 1.00	-0.64	-0.42	-0.27	HIP 32308                 	101.17907	+14.90998
FIELD   	JF 	33582   	5725	 4.30	 1.25	-0.74	-0.80	-0.12	HIP 33582                 	104.66058	-00.48047
FIELD   	JF 	34146   	6300	 4.20	 1.95	-0.40	-0.43	-0.16	HIP 34146                 	106.20586	-16.28481
FIELD   	JF 	34548   	6250	 4.50	 1.40	-0.46	-0.45	-0.12	HIP 34548                 	107.36252	+52.03875
FIELD   	JF 	36491   	5800	 4.40	 1.10	-0.93	-0.87	-0.31	HIP 36491                 	112.62090	+18.96128
FIELD   	JF 	36849   	5850	 4.10	 1.10	-0.88	-0.88	-0.27	HIP 36849                 	113.64628	+16.90112
FIELD   	JF 	38541   	5300	 4.70	 0.85	-1.79	-1.74	-0.50	HIP 38541                 	118.38800	+30.60507
FIELD   	JF 	38621   	4700	 1.70	 2.25	-1.81	-1.88	-0.26	HIP 38621                 	118.61968	+62.13632
FIELD   	JF 	38625   	5200	 4.40	 0.30	-0.86	-0.73	-0.34	HIP 38625                 	118.64241	-01.41226
FIELD   	JF 	40068   	5225	 3.00	 1.35	-2.05	-1.98	-0.40	HIP 40068                 	122.77600	+79.90821
FIELD   	JF 	44075   	5900	 4.20	 1.25	-0.91	-0.90	-0.29	HIP 44075                 	134.68305	-16.13273
FIELD   	JF 	44116   	6275	 4.10	 1.45	-0.58	-0.53	-0.23	HIP 44116                 	134.77493	-00.62385
FIELD   	JF 	44716   	5000	 2.10	 1.70	-1.08	-1.10	-0.32	HIP 44716                 	136.67886	+20.50986
FIELD   	JF 	44919   	6350	 3.80	 1.80	-0.65	-0.68	-0.08	HIP 44919                 	137.26404	-27.03037
FIELD   	JF 	47139   	4600	 1.30	 1.80	-1.46	-1.48	-0.38	HIP 47139                 	144.08314	-20.88743
FIELD   	JF 	47640   	6600	 4.40	 1.50	-0.08	-0.05	-0.24	HIP 47640                 	145.69713	+45.51724
FIELD   	JF 	48146   	6200	 4.60	 1.05	-0.05	-0.02	-0.19	HIP 48146                 	147.22151	+08.97431
FIELD   	JF 	49371   	4950	 2.30	 1.75	-1.95	-1.89	-0.38	HIP 49371                 	151.17993	+54.34540
FIELD   	JF 	50139   	5600	 4.30	 0.35	-0.68	-0.56	-0.31	HIP 50139                 	153.53473	+03.15130
FIELD   	JF 	54858   	5250	 2.00	 2.15	-1.17	-1.20	-0.34	HIP 54858                 	168.47824	+39.97776
FIELD   	JF 	57265   	5875	 4.00	 1.50	-1.10	-1.05	-0.36	HIP 57265                 	176.14877	+25.53658
FIELD   	JF 	57850   	4375	 0.80	 2.75	-1.78	-1.78	-0.29	HIP 57850                 	177.95880	-05.76227
FIELD   	JF 	58229   	5875	 4.10	 1.25	-0.94	-0.92	-0.43	HIP 58229                 	179.15010	-21.41940
FIELD   	JF 	58357   	5050	 3.40	 1.20	-0.65	-0.72	-0.25	HIP 58357                 	179.50034	+48.20345
FIELD   	JF 	59239   	5125	 2.10	 1.55	-1.49	-1.50	-0.39	HIP 59239                 	182.26133	+59.01809
FIELD   	JF 	59330   	5750	 4.10	 1.25	-0.75	-0.73	-0.26	HIP 59330                 	182.56615	+54.48814
FIELD   	JF 	59750   	6200	 4.40	 1.10	-0.78	-0.64	-0.45	HIP 59750                 	183.79399	-10.31240
FIELD   	JF 	60551   	5725	 4.40	 1.05	-0.86	-0.87	-0.24	HIP 60551                 	186.19120	+38.31874
FIELD   	JF 	62747   	4285	 2.20	 1.45	-1.54	-1.51	-0.45	HIP 62747                 	192.85498	-13.49116
FIELD   	JF 	62882   	5600	 3.70	 0.04	-1.26	-1.12	-0.55	HIP 62882                 	193.31272	-18.52222
FIELD   	JF 	63970   	6075	 4.40	 1.00	-0.09	 0.03	-0.26	HIP 63970                 	196.63603	+32.66685
FIELD   	JF 	64115   	4650	 2.40	 1.10	-0.74	-0.62	-0.48	HIP 64115                 	197.10745	-07.30846
FIELD   	JF 	64426   	5800	 4.10	 1.25	-0.82	-0.78	-0.30	HIP 64426                 	198.08226	+17.51712
FIELD   	JF 	65268   	6250	 4.10	 1.50	-0.67	-0.60	-0.23	HIP 65268                 	200.64229	+26.11570
FIELD   	JF 	66246   	4400	 1.00	 2.55	-1.91	-2.00	-0.19	HIP 66246                 	203.66630	-16.32298
FIELD   	JF 	66509   	5350	 4.20	 0.60	-0.68	-0.53	-0.43	HIP 66509                 	204.50196	+19.14808
FIELD   	JF 	66665   	5500	 3.80	 1.05	-0.97	-0.78	-0.48	HIP 66665                 	204.99822	+12.58936
FIELD   	JF 	66815   	5875	 4.50	 0.95	-0.64	-0.63	-0.26	HIP 66815                 	205.42785	-04.02942
FIELD   	JF 	68796   	5725	 4.50	 0.90	-0.52	-0.43	-0.24	HIP 68796                 	211.23780	+74.57358
FIELD   	JF 	68807   	4575	 1.10	 1.90	-1.83	-1.82	-0.33	HIP 68807                 	211.30427	-14.85707
FIELD   	JF 	70681   	5450	 4.50	 0.80	-1.25	-1.23	-0.38	HIP 70681                 	216.85379	-18.41124
FIELD   	JF 	71886   	6400	 4.10	 1.50	-0.40	-0.32	-0.24	HIP 71886                 	220.54666	+03.93862
FIELD   	JF 	71887   	6100	 4.30	 1.20	-0.49	-0.45	-0.26	HIP 71887                 	220.54717	+31.92675
FIELD   	JF 	71939   	6300	 4.40	 1.50	-0.37	-0.36	-0.18	HIP 71939                 	220.70253	+04.04574
FIELD   	JF 	73385   	5575	 3.60	 1.35	-1.59	-1.59	-0.31	HIP 73385                 	224.95735	-22.01272
FIELD   	JF 	73960   	4500	 1.40	 2.10	-1.37	-1.33	-0.38	HIP 73960                 	226.72429	+30.01026
FIELD   	JF 	74033   	5675	 4.10	 1.05	-0.78	-0.80	-0.38	HIP 74033                 	226.94375	+08.87978
FIELD   	JF 	74067   	5575	 4.30	 1.10	-0.90	-0.88	-0.28	HIP 74067                 	227.05236	-07.91320
FIELD   	JF 	74079   	5825	 4.00	 1.30	-0.83	-0.75	-0.31	HIP 74079                 	227.07524	+03.93060
FIELD   	JF 	74234   	4750	 4.50	 0.70	-1.51	-1.33	-0.51	HIP 74234                 	227.55403	-16.46292
FIELD   	JF 	74235   	4850	 4.50	 0.70	-1.57	-1.42	-0.47	HIP 74235                 	227.55453	-16.37940
FIELD   	JF 	80837   	5800	 4.10	 1.15	-0.83	-0.74	-0.37	HIP 80837                 	247.61858	+04.17822
FIELD   	JF 	81170   	5175	 4.70	 0.30	-1.26	-1.23	-0.38	HIP 81170                 	248.67647	-04.22907
FIELD   	JF 	81461   	5600	 4.10	 1.20	-0.65	-0.46	-0.31	HIP 81461                 	249.57246	-02.44217
FIELD   	JF 	85007   	5900	 4.20	 1.20	-0.50	-0.38	-0.34	HIP 85007                 	260.61521	+24.87945
FIELD   	JF 	85378   	5625	 4.00	 1.10	-0.64	-0.53	-0.35	HIP 85378                 	261.67998	+31.07719
FIELD   	JF 	85757   	5450	 3.80	 1.05	-0.76	-0.65	-0.35	HIP 85757                 	262.85585	-02.53881
FIELD   	JF 	86013   	5750	 4.40	 1.15	-0.82	-0.84	-0.25	HIP 86013                 	263.67942	+06.01432
FIELD   	JF 	86431   	5675	 4.10	 1.15	-0.64	-0.54	-0.37	HIP 86431                 	264.90364	+37.18375
FIELD   	JF 	88010   	5200	 4.00	 0.70	-1.49	-1.41	-0.38	HIP 88010                 	269.66022	-13.09712
FIELD   	JF 	88039   	5700	 4.00	 1.30	-0.96	-0.88	-0.33	HIP 88039                 	269.73248	-22.38433
FIELD   	JF 	91058   	6025	 4.10	 1.40	-0.54	-0.49	-0.22	HIP 91058                 	278.62789	+34.41564
FIELD   	JF 	92167   	4575	 2.40	 1.40	-1.47	-1.80	-0.51	HIP 92167                 	281.77683	+74.72540
FIELD   	JF 	92532   	5825	 4.30	 1.00	-0.56	-0.44	-0.25	HIP 92532                 	282.85491	+38.62657
FIELD   	JF 	92781   	5650	 4.20	 0.95	-0.75	-0.57	-0.48	HIP 92781                 	283.59668	-04.60517
FIELD   	JF 	94449   	5625	 3.70	 1.15	-1.26	-1.22	-0.34	HIP 94449                 	288.33633	-00.59509
FIELD   	JF 	96185   	5700	 4.10	 1.00	-0.58	-0.53	-0.35	HIP 96185                 	293.36284	+33.20186
FIELD   	JF 	97023   	5800	 3.80	 1.30	-0.48	-0.35	-0.27	HIP 97023                 	295.77929	+24.59794
FIELD   	JF 	97468   	4450	 1.10	 1.90	-1.71	-1.73	-0.32	HIP 97468                 	297.16489	-12.12215
FIELD   	JF 	98020   	5325	 4.60	 1.10	-1.67	-1.58	-0.49	HIP 98020                 	298.79033	+10.74094
FIELD   	JF 	98532   	5550	 3.60	 1.30	-1.23	-1.18	-0.33	HIP 98532                 	300.25102	-12.25565
FIELD   	JF 	99423   	5650	 3.80	 1.30	-1.50	-1.43	-0.43	HIP 99423                 	302.70067	+23.96514
FIELD   	JF 	99938   	5650	 4.00	 1.20	-0.74	-0.65	-0.31	HIP 99938                 	304.15868	-07.44384
FIELD   	JF 	100568  	5650	 4.40	 1.10	-1.17	-1.12	-0.36	HIP 100568                	305.89936	-21.37062
FIELD   	JF 	100792  	5875	 4.20	 1.40	-1.23	-1.19	-0.34	HIP 100792                	306.54966	+09.45012
FIELD   	JF 	101346  	6000	 3.90	 1.40	-0.65	-0.68	-0.14	HIP 101346                	308.09997	+06.51757
FIELD   	JF 	101382  	5125	 4.00	 0.40	-0.66	-0.38	-0.39	HIP 101382                	308.21517	+41.89848
FIELD   	JF 	103269  	5300	 4.60	 0.85	-1.81	-1.80	-0.48	HIP 103269                	313.81982	+42.30019
FIELD   	JF 	104659  	5825	 4.30	 1.00	-1.12	-1.03	-0.38	HIP 104659                	317.99597	+17.72775
FIELD   	JF 	104660  	5500	 3.90	 1.15	-0.96	-0.78	-0.41	HIP 104660                	317.99801	+24.16817
FIELD   	JF 	105888  	5700	 4.30	 1.00	-0.75	-0.63	-0.34	HIP 105888                	321.67877	+05.44164
FIELD   	JF 	107975  	6275	 3.90	 1.50	-0.64	-0.54	-0.33	HIP 107975                	328.12465	+28.79354
FIELD   	JF 	109067  	5300	 4.30	 0.85	-0.97	-0.88	-0.37	HIP 109067                	331.41960	+12.37669
FIELD   	JF 	109390  	4800	 2.20	 1.50	-1.34	-1.33	-0.43	HIP 109390                	332.42269	-13.60541
FIELD   	JF 	112796  	4525	 1.00	 2.85	-2.25	-2.26	-0.16	HIP 112796                	342.62954	-06.91376
FIELD   	JF 	114962  	5825	 4.30	 1.40	-1.54	-1.33	-0.44	HIP 114962                	349.27101	-13.85099
FIELD   	JF 	115610  	4800	 4.10	 1.20	-0.63	-0.35	-0.13	HIP 115610                	351.29713	+34.28727
FIELD   	JF 	115949  	4500	 0.90	 2.75	-2.19	-2.17	-0.28	HIP 115949                	352.37004	+30.43273
FIELD   	JF 	116082  	6275	 3.70	 1.60	-0.82	-0.80	-0.22	HIP 116082                	352.83219	+52.41069
FIELD   	JF 	117029  	5425	 3.80	 1.05	-0.81	-0.75	-0.30	HIP 117029                	355.86268	+58.08030
FIELD   	JF 	117041  	5300	 4.20	 0.90	-0.88	-0.81	-0.25	HIP 117041                	355.89549	-07.92333
FIELD   	JS 	B-010306	5550	 4.19	 1.50	-1.13	-1.10	-0.30	BD-010306                 	033.66791	-01.20142
FIELD   	JS 	B-012582	5148	 2.86	 1.20	-2.21	-2.26	-0.41	BD-012582                 	178.40550	-02.01020
FIELD   	JS 	B+191185	5500	 4.19	 1.10	-1.09	-1.09	-0.31	BD+191185                 	090.81193	+19.36074
FIELD   	JS 	B+521601	4911	 2.10	 2.05	-1.40	-1.49	-0.33	BD+521601                 	179.99607	+51.77156
FIELD   	JS 	G005-001	5500	 4.32	 0.80	-1.24	-1.18	-0.31	G 005-001                 	042.15595	+22.59844
FIELD   	JS 	G009-036	5625	 4.57	 0.65	-1.17	-1.17	-0.44	G 009-036                 	134.49691	+24.47293
FIELD   	JS 	G017-025	4966	 4.26	 0.80	-1.54	-1.37	-0.42	G 017-025                 	248.67647	-04.22907
FIELD   	JS 	G023-014	5025	 3.00	 1.30	-1.64	-1.57	-0.44	G 023-014                 	297.95670	+05.61273
FIELD   	JS 	G028-043	5061	 4.50	 0.80	-1.64	-1.58	-0.42	G 028-043                 	347.38730	+00.71097
FIELD   	JS 	G029-025	5225	 4.28	 0.80	-1.09	-0.91	-0.44	G 029-025                 	350.57566	+12.15933
FIELD   	JS 	G040-008	5200	 4.08	 0.50	-0.97	-0.80	-0.37	G 040-008                 	122.22687	+24.62396
FIELD   	JS 	G058-025	6001	 4.21	 1.05	-1.40	-1.49	-0.36	G 058-025                 	162.86719	+20.27749
FIELD   	JS 	G059-001	5922	 3.98	 0.40	-0.95	-0.76	-0.38	G 059-001                 	182.22777	+21.78873
FIELD   	JS 	G063-046	5705	 4.25	 1.30	-0.90	-0.85	-0.28	G 063-046                 	204.99822	+12.58936
FIELD   	JS 	G068-003	4975	 3.50	 0.95	-0.76	-0.65	-0.28	G 068-003                 	348.32145	+20.94276
FIELD   	JS 	G074-005	5668	 4.24	 1.50	-1.05	-1.03	-0.28	G 074-005                 	032.60220	+29.80657
FIELD   	JS 	G090-025	5303	 4.46	 1.20	-1.78	-1.83	-0.53	G 090-025                 	118.38800	+30.60507
FIELD   	JS 	G095-57A	4965	 4.40	 0.90	-1.22	-1.08	-0.37	G 095-57A                 	056.75882	+41.42726
FIELD   	JS 	G095-57B	4800	 4.57	 0.60	-1.06	-1.03	-0.30	G 095-57B                 	056.76098	+41.42849
FIELD   	JS 	G102-020	5254	 4.44	 0.90	-1.25	-1.23	-0.32	G 102-020                 	085.04056	+12.17810
FIELD   	JS 	G102-027	5600	 3.75	 1.05	-0.59	-0.50	-0.35	G 102-027                 	086.41826	+14.68892
FIELD   	JS 	G113-022	5525	 4.25	 1.10	-1.18	-1.19	-0.40	G 113-022                 	124.24074	+00.01770
FIELD   	JS 	G122-051	4864	 4.51	 1.40	-1.43	-1.42	-0.43	G 122-051                 	178.24487	+37.71868
FIELD   	JS 	G123-009	5487	 4.75	 1.50	-1.25	-1.30	-0.29	G 123-009                 	182.73067	+44.00329
FIELD   	JS 	G126-036	5487	 4.50	 0.60	-1.06	-0.96	-0.36	G 126-036                 	327.08038	+19.97517
FIELD   	JS 	G126-062	5941	 3.98	 2.00	-1.59	-1.75	-0.28	G 126-062                 	332.88072	+18.09283
FIELD   	JS 	G140-046	4980	 4.42	 0.70	-1.30	-1.18	-0.43	G 140-046                 	273.09115	+05.40123
FIELD   	JS 	G153-021	5700	 4.36	 1.40	-0.70	-0.71	-0.18	G 153-021                 	240.75072	-06.45310
FIELD   	JS 	G176-053	5593	 4.50	 1.20	-1.34	-1.41	-0.37	G 176-053                 	176.64647	+50.88186
FIELD   	JS 	G179-022	5082	 3.20	 1.20	-1.35	-1.28	-0.40	G 179-022                 	228.60911	+33.01063
FIELD   	JS 	G180-024	6059	 4.09	 0.50	-1.34	-1.38	-0.28	G 180-024                 	240.80541	+42.24629
FIELD   	JS 	G188-022	5827	 4.27	 1.20	-1.52	-1.48	-0.36	G 188-022                 	325.98801	+27.39000
FIELD   	JS 	G191-055	5770	 4.50	 1.00	-1.63	-1.77	-0.19	G 191-055                 	089.36911	+58.68017
FIELD   	JS 	G192-043	6085	 4.50	 1.50	-1.50	-1.56	-0.33	G 192-043                 	101.93723	+58.64292
FIELD   	JS 	G221-007	5016	 3.37	 0.90	-0.98	-0.86	-0.33	G 221-007                 	049.66041	+72.27512
FIELD   	JS 	2665    	4990	 2.34	 2.00	-1.99	-2.17	-0.38	HD 2665                   	007.68936	+57.06490
FIELD   	JS 	3008    	4250	 0.25	 2.60	-2.08	-2.14	-0.33	HD 3008                   	008.30963	-10.72854
FIELD   	JS 	6755    	5105	 2.93	 2.50	-1.68	-1.78	-0.29	HD 6755                   	017.42943	+61.54728
FIELD   	JS 	8724    	4535	 1.40	 1.40	-1.91	-1.79	-0.51	HD 8724                   	021.57331	+17.12642
FIELD   	JS 	21581   	4870	 2.27	 1.40	-1.71	-1.75	-0.43	HD 21581                  	052.22702	-00.41753
FIELD   	JS 	23798   	4450	 1.06	 2.50	-2.26	-2.32	-0.29	HD 23798                  	056.69051	-30.85370
FIELD   	JS 	25329   	4842	 4.66	 0.60	-1.67	-1.67	-0.40	HD 25329                  	060.81250	+35.27328
FIELD   	JS 	25532   	5396	 2.00	 1.20	-1.34	-1.17	-0.50	HD 25532                  	061.04587	+23.40753
FIELD   	JS 	26297   	4322	 1.11	 1.80	-1.98	-1.92	-0.41	HD 26297                  	062.26424	-15.89085
FIELD   	JS 	29574   	4250	 0.80	 2.20	-2.00	-2.00	-0.43	HD 29574                  	069.73222	-13.34670
FIELD   	JS 	37828   	4350	 1.50	 1.85	-1.62	-1.59	-0.40	HD 37828                  	085.22769	-11.20005
FIELD   	JS 	44007   	4851	 2.00	 2.00	-1.72	-1.74	-0.39	HD 44007                  	094.70220	-14.84540
FIELD   	JS 	63791   	4675	 2.00	 2.00	-1.90	-1.86	-0.39	HD 63791                  	118.61968	+62.13632
FIELD   	JS 	74462   	4700	 2.00	 1.90	-1.52	-1.55	-0.29	HD 74462                  	132.08605	+67.44997
FIELD   	JS 	82590   	6005	 2.75	 3.00	-1.50	-1.57	-0.30	HD 82590                  	143.12621	-17.43575
FIELD   	JS 	85773   	4268	 0.50	 2.00	-2.62	-2.50	-0.29	HD 85773                  	148.41351	-22.83567
FIELD   	JS 	101063  	5150	 3.25	 1.70	-1.33	-1.38	-0.31	HD 101063                 	174.41834	-28.85135
FIELD   	JS 	103036  	4200	 0.25	 3.00	-2.04	-1.93	-0.48	HD 103036                 	177.95880	-05.76227
FIELD   	JS 	103545  	4666	 1.64	 2.00	-2.45	-2.41	-0.38	HD 103545                 	178.86317	+09.12917
FIELD   	JS 	105546  	5190	 2.49	 1.60	-1.48	-1.52	-0.25	HD 105546                 	182.26133	+59.01809
FIELD   	JS 	105755  	5701	 3.82	 1.20	-0.83	-0.76	-0.30	HD 105755                 	182.56615	+54.48814
FIELD   	JS 	106516  	6166	 4.21	 1.10	-0.81	-0.76	-0.38	HD 106516                 	183.79399	-10.31240
FIELD   	JS 	108317  	5234	 2.68	 2.00	-2.18	-2.25	-0.17	HD 108317                 	186.65347	+05.30251
FIELD   	JS 	110184  	4250	 0.50	 2.50	-2.72	-2.66	-0.32	HD 110184                 	190.05866	+08.52724
FIELD   	JS 	121135  	4934	 1.91	 1.60	-1.54	-1.49	-0.50	HD 121135                 	208.38977	+02.69477
FIELD   	JS 	122563  	4572	 1.36	 2.90	-2.72	-2.68	-0.25	HD 122563                 	210.63269	+09.68610
FIELD   	JS 	122956  	4508	 1.55	 1.60	-1.95	-1.85	-0.44	HD 122956                 	211.30427	-14.85707
FIELD   	JS 	124358  	4688	 1.57	 2.10	-1.91	-1.88	-0.40	HD 124358                 	213.33883	-12.15672
FIELD   	JS 	132475  	5425	 3.56	 2.30	-1.86	-1.80	-0.37	HD 132475                 	224.95735	-22.01272
FIELD   	JS 	135148  	4183	 0.25	 2.90	-2.17	-2.17	-0.25	HD 135148                 	228.32273	+12.45709
FIELD   	JS 	141531  	4356	 1.14	 2.20	-1.79	-1.84	-0.33	HD 141531                 	237.31874	+09.61179
FIELD   	JS 	165195  	4237	 0.78	 2.30	-2.60	-2.56	-0.43	HD 165195                 	271.16697	+03.77909
FIELD   	JS 	166161  	5350	 2.56	 2.25	-1.23	-1.36	-0.33	HD 166161                 	272.41952	-08.77934
FIELD   	JS 	171496  	4952	 2.37	 1.40	-0.67	-0.57	-0.33	HD 171496                 	279.03122	-24.43647
FIELD   	JS 	184266  	6000	 2.74	 3.00	-1.43	-1.52	-0.30	HD 184266                 	293.56411	-16.31673
FIELD   	JS 	186478  	4598	 1.43	 2.00	-2.56	-2.64	-0.48	HD 186478                 	296.30892	-17.49085
FIELD   	JS 	187111  	4271	 1.05	 1.90	-1.97	-1.90	-0.40	HD 187111                 	297.16489	-12.12215
FIELD   	JS 	188510  	5564	 4.51	 1.00	-1.32	-1.50	-0.43	HD 188510                 	298.79033	+10.74094
FIELD   	JS 	193901  	5750	 4.46	 1.50	-1.08	-1.13	-0.36	HD 193901                 	305.89936	-21.37062
FIELD   	JS 	194598  	6044	 4.19	 1.00	-1.08	-1.12	-0.37	HD 194598                 	306.54966	+09.45012
FIELD   	JS 	201891  	5909	 4.19	 1.00	-1.09	-1.06	-0.37	HD 201891                 	317.99597	+17.72775
FIELD   	JS 	204543  	4672	 1.49	 2.00	-1.87	-1.95	-0.40	HD 204543                 	322.36756	-03.51538
FIELD   	JS 	206739  	4647	 1.78	 1.90	-1.72	-1.77	-0.30	HD 206739                 	326.09977	-11.77301
FIELD   	JS 	210295  	4750	 2.50	 1.55	-1.46	-1.48	-0.41	HD 210295                 	332.42269	-13.60541
FIELD   	JS 	214362  	5727	 2.62	 2.00	-1.87	-1.93	-0.50	HD 214362                 	339.49447	-22.64449
FIELD   	JS 	218857  	5103	 2.44	 1.90	-1.90	-2.08	-0.28	HD 218857                 	347.85248	-16.25112
FIELD   	JS 	221170  	4410	 1.09	 1.70	-2.35	-2.30	-0.38	HD 221170                 	352.37004	+30.43273
FIELD   	JS 	232078  	3875	 0.50	 2.10	-1.69	-1.74	-0.50	HD 232078                 	294.55030	+16.80712
FIELD   	JS 	233666  	5157	 2.00	 1.70	-1.79	-1.86	-0.22	HD 233666                 	145.58114	+53.47393
Cr 261  	   	1045    	4400	 1.50	 1.20	-0.16	-0.14	-0.41	Cl* Collinder 261 PJM 1045	189.53541	-68.35417
Cr 261  	   	1080    	4490	 2.20	 1.20	-0.11	-0.25	-0.45	Cl* Collinder 261 PJM 1080	189.53092	-68.37523
Cr 261  	   	1871    	4000	 0.70	 1.50	-0.31	-0.59	-0.22	Cl* Collinder 261 PJM 1871	189.43170	-68.33196
Cr 261  	   	2105    	4300	 1.50	 1.50	-0.32	-0.47	-0.21	Cl* Collinder 261 PJM 2105	189.39512	-68.39027
NGC 288 	   	20      	4050	 0.60	 1.75	-1.44	-1.62	-0.31	Cl* NGC 288 Can 20        	013.16792	-26.62500
NGC 288 	   	231     	4300	 1.10	 1.50	-1.41	-1.50	-0.32	                          	         	
NGC 288 	   	245     	4250	 0.80	 1.40	-1.41	-1.47	-0.30	                          	         	
NGC 288 	   	274     	4025	 0.70	 1.90	-1.37	-1.48	-0.33	                          	         	
NGC 288 	   	281     	4125	 0.60	 1.71	-1.42	-1.65	-0.29	                          	         	
NGC 288 	   	287     	4350	 1.20	 1.40	-1.45	-1.34	-0.44	                          	         	
NGC 288 	   	297     	4330	 1.20	 1.70	-1.41	-1.62	-0.23	                          	         	
NGC 288 	   	307     	4350	 1.20	 1.35	-1.40	-1.63	-0.24	                          	         	
NGC 288 	   	338     	4325	 1.30	 1.60	-1.37	-1.55	-0.28	                          	         	
NGC 288 	   	344     	4180	 0.80	 1.60	-1.36	-1.45	-0.32	                          	         	
NGC 288 	   	351     	4330	 1.20	 1.55	-1.30	-1.53	-0.36	                          	         	
NGC 288 	   	403     	3950	 0.20	 1.90	-1.43	-1.59	-0.32	                          	         	
NGC 288 	   	531     	3780	 0.10	 1.60	-1.31	-1.70	-0.42	Cl* NGC 288 OCH 531       	013.17137	-26.55753
NGC 362 	   	1137    	4000	 0.70	 2.00	-1.37	-1.51	-0.31	Cl* NGC 362 HAR 1137      	015.74248	-70.93098
NGC 362 	   	1159    	4125	 0.80	 1.90	-1.27	-1.37	-0.34	Cl* NGC 362 HAR 1159      	015.72123	-70.84190
NGC 362 	   	1334    	3975	 0.40	 1.95	-1.30	-1.37	-0.42	Cl* NGC 362 HAR 1334      	015.91000	-70.86809
NGC 362 	   	1401    	3875	 0.00	 1.90	-1.32	-1.39	-0.34	Cl* NGC 362 HAR 1401      	015.89854	-70.84835
NGC 362 	   	1423    	3950	 0.10	 2.35	-1.37	-1.42	-0.41	Cl* NGC 362 HAR 1423      	015.88749	-70.82715
NGC 362 	   	1441    	3975	 0.20	 1.90	-1.31	-1.44	-0.29	Cl* NGC 362 HAR 1441      	015.84043	-70.81130
NGC 362 	   	2115    	3900	 0.00	 2.30	-1.38	-1.49	-0.32	Cl* NGC 362 HAR 2115      	015.68036	-70.81346
NGC 362 	   	2127    	4110	 0.60	 2.25	-1.30	-1.52	-0.39	Cl* NGC 362 HAR 2127      	015.65672	-70.84369
NGC 362 	   	2423    	4000	 0.40	 1.85	-1.32	-1.42	-0.41	Cl* NGC 362 HAR 2423      	015.89540	-70.80232
NGC 362 	   	77      	4075	 0.20	 2.50	-1.34	-1.41	-0.34	                          	         	
NGC 362 	   	MB2     	4100	 0.60	 2.25	-1.30	-1.58	-0.20	Cl* NGC 362 MB 2          	015.78288	-70.82974
NGC 362 	   	V2      	3950	 0.10	 2.70	-1.30	-1.58	-0.48	Cl* NGC 362 Saw V2        	016.26082	-70.63802
NGC 3201	   	5       	4750	 1.80	 1.70	-1.38	-1.53	-0.42	Cl* NGC 3201 CWFD 3-5     	154.03100	-46.25475
NGC 3201	   	8       	4410	 1.50	 1.80	-1.17	-1.56	-0.28	Cl* NGC 3201 CWFD 3-8     	154.06046	-46.15019
NGC 3201	   	9       	4600	 1.90	 1.70	-1.18	-1.45	-0.34	Cl* NGC 3201 CWFD 3-9     	154.08792	-46.23161
NGC 3201	   	42      	4500	 1.50	 2.00	-1.32	-1.65	-0.29	Cl* NGC 3201 CWFD 3-42    	154.27000	-46.62269
NGC 3201	   	112     	4350	 1.30	 1.60	-1.38	-1.64	-0.18	Cl* NGC 3201 CWFD 3-112   	154.35275	-46.40850
NGC 3201	   	121     	4000	 0.00	 2.00	-1.40	-1.56	-0.42	Cl* NGC 3201 CWFD 3-121   	154.35754	-46.43931
NGC 3201	   	168     	4100	 0.20	 1.80	-1.42	-1.61	-0.30	Cl* NGC 3201 CWFD 3-168   	154.38150	-46.48369
NGC 3201	   	238     	4250	 0.90	 1.80	-1.42	-1.53	-0.44	Cl* NGC 3201 CWFD 3-238   	154.40850	-46.37761
NGC 3201	   	293     	4250	 1.20	 1.80	-1.39	-1.56	-0.38	Cl* NGC 3201 CWFD 3-293   	154.42475	-46.40278
NGC 3201	   	301     	4250	 1.00	 2.20	-1.49	-1.65	-0.33	Cl* NGC 3201 CWFD 3-301   	154.42708	-46.45431
NGC 3201	   	312     	4250	 0.70	 1.80	-1.47	-1.49	-0.49	Cl* NGC 3201 CWFD 3-312   	154.43392	-46.42406
NGC 3201	   	318     	4350	 0.80	 1.90	-1.52	-1.59	-0.39	Cl* NGC 3201 CWFD 3-318   	154.43683	-46.40181
NGC 3201	   	357     	4150	 0.70	 2.00	-1.55	-1.78	-0.21	Cl* NGC 3201 CWFD 3-357   	154.46437	-46.36939
NGC 3201	   	419     	4500	 1.20	 1.70	-1.28	-1.40	-0.58	Cl* NGC 3201 CWFD 3-419   	154.97104	-46.22775
NGC 6287	   	1491    	4375	 1.00	 1.75	-2.15	-2.28	-0.30	                          	         	
NGC 6287	   	1387    	4250	 0.80	 1.90	-2.10	-2.33	-0.26	                          	         	
NGC 6293	   	2673    	4250	 0.50	 1.90	-2.16	-2.24	-0.35	                          	         	
NGC 6293	   	3857    	4450	 0.70	 1.75	-2.18	-2.40	-0.39	                          	         	
NGC 6528	   	I-42    	4200	 1.60	 1.20	-0.14	-0.34	-0.23	Cl* NGC 6528 VY I-42      	271.19875	-30.06306
NGC 6528	   	I-36    	4300	 1.50	 1.50	-0.13	-0.37	-0.21	Cl* NGC 6528 VY I-36      	271.21208	-30.06333
NGC 6528	   	I-18    	4800	 2.00	 1.50	-0.05	-0.03	-0.33	Cl* NGC 6528 VY I-18      	271.20708	-30.05056
NGC 6541	   	I-44    	4250	 0.70	 1.85	-1.85	-1.95	-0.28	                          	         	
NGC 6541	   	II-113  	4200	 0.50	 1.80	-1.86	-1.91	-0.36	                          	         	
NGC 6705	M11	660     	4500	 1.50	 2.00	 0.05	 0.03	-0.43	NGC 6705 660              	282.81589	-06.30398
NGC 6705	M11	669     	4500	 1.40	 2.00	 0.09	 0.18	-0.32	NGC 6705 669              	282.81433	-06.30987
NGC 6705	M11	686     	4600	 2.00	 2.00	 0.13	 0.13	-0.45	NGC 6705 686              	282.81097	-06.28188
NGC 6705	M11	779     	4250	 1.60	 2.50	-0.01	-0.07	-0.49	NGC 6705 779              	282.79692	-06.24270
NGC 6705	M11	916     	4500	 1.30	 2.00	 0.01	-0.04	-0.34	NGC 6705 916              	282.78322	-06.28661
NGC 6705	M11	926     	4500	 1.50	 2.00	-0.21	-0.59	-0.38	NGC 6705 926              	282.78212	-06.27414
NGC 6705	M11	1184    	4600	 2.20	 2.00	 0.24	 0.24	-0.30	NGC 6705 1184             	282.75881	-06.29059
NGC 6705	M11	1223    	4750	 2.50	 2.00	 0.19	-0.06	-0.39	NGC 6705 1223             	282.75429	-06.24889
NGC 6705	M11	1256    	4600	 2.50	 2.00	 0.31	 0.28	-0.17	NGC 6705 1256             	282.75141	-06.28306
NGC 6705	M11	1423    	4750	 2.90	 2.50	 0.21	 0.04	-0.05	NGC 6705 1423             	282.73303	-06.30399
NGC 6752	   	1       	4749	 1.95	 1.41	-1.58	-1.69	-0.43	Cl* NGC 6752 YGN 1        	287.69583	-60.01167
NGC 6752	   	2       	4779	 1.98	 1.39	-1.59	-1.69	-0.48	Cl* NGC 6752 YGN 2        	287.79583	-60.00500
NGC 6752	   	3       	4796	 2.03	 1.42	-1.64	-1.74	-0.39	Cl* NGC 6752 YGN 3        	287.75000	-59.94500
NGC 6752	   	4       	4806	 2.04	 1.40	-1.61	-1.66	-0.46	Cl* NGC 6752 YGN 4        	287.88750	-60.00000
NGC 6752	   	6       	4804	 2.06	 1.40	-1.61	-1.87	-0.38	Cl* NGC 6752 YGN 6        	287.64167	-59.99833
NGC 6752	   	7       	4829	 2.10	 1.33	-1.84	-1.74	-0.53	Cl* NGC 6752 YGN 7        	287.73750	-60.01167
NGC 6752	   	8       	4910	 2.15	 1.33	-1.62	-1.60	-0.43	Cl* NGC 6752 YGN 8        	287.68750	-59.97167
NGC 6752	   	9       	4824	 2.11	 1.38	-1.63	-1.72	-0.41	Cl* NGC 6752 YGN 9        	287.60833	-59.98500
NGC 6752	   	10      	4836	 2.13	 1.37	-1.60	-1.63	-0.52	Cl* NGC 6752 YGN 10       	287.82500	-59.99500
NGC 6752	   	11      	4829	 2.13	 1.32	-1.64	-1.65	-0.47	Cl* NGC 6752 YGN 11       	287.70833	-60.04000
NGC 6752	   	12      	4841	 2.15	 1.34	-1.62	-1.72	-0.40	Cl* NGC 6752 YGN 12       	287.58333	-60.00833
NGC 6752	   	15      	4850	 2.19	 1.35	-1.61	-1.75	-0.45	Cl* NGC 6752 YGN 15       	287.70417	-60.03167
NGC 6752	   	16      	4906	 2.24	 1.32	-1.60	-1.73	-0.44	Cl* NGC 6752 YGN 16       	287.56250	-59.98667
NGC 6752	   	19      	4928	 2.32	 1.29	-1.61	-1.75	-0.49	Cl* NGC 6752 YGN 19       	287.84583	-59.99500
NGC 6752	   	20      	4929	 2.33	 1.32	-1.59	-1.69	-0.48	Cl* NGC 6752 YGN 20       	287.65000	-59.93500
Pal 12  	   	S1      	3900	 0.63	 1.80	-0.76	-0.81	-0.31	                          	         	
Pal 12  	   	1118    	4000	 0.84	 1.80	-0.80	-0.82	-0.35	                          	         	
Pal 12  	   	1128    	4260	 1.30	 1.70	-0.82	-0.84	-0.40	                          	         	
Pal 12  	   	1305    	4465	 1.62	 1.70	-0.80	-0.84	-0.38	                          	         	

